{
  "tree_cane_model": {
    "model_name": "RandomForest",
    "cv_r2": 0.4084234268865382,
    "cv_std": 0.662141638138554,
    "test_r2": 0.8294263982102908,
    "test_mae": 0.8575
  },
  "tree_weight_model": {
    "model_name": "GradientBoosting",
    "cv_r2": 0.8371045330890275,
    "cv_std": 0.12338668142529288,
    "test_r2": 0.9504241648084663,
    "test_mae": 0.08448580281998253
  },
  "plot_yield_model": {
    "model_name": "RandomForest",
    "cv_r2": 0.9285665231797404,
    "cv_std": 0.04071576559956188,
    "test_r2": 0.8952605851635411,
    "test_mae": 353.1463192307699
  }
}